KEYWORDS, BEST,GOOD,BAD,EACH WORD %%
group,5,17,24,47.82608695652174
capital,0,13,18,41.935483870967744
markets,7,10,33,034.0
capitalising,0,1,2,33.333333333333336
combined,0,1,2,33.333333333333336
strengths,0,3,3,050.0
wendel,1,2,0,100.0
record,3,4,3,070.0
asset,2,3,0,100.0
value,1,3,1,080.0
share,1,13,11,056.0
over,2,12,8,63.63636363636363
last,1,7,0,100.0
months,1,7,1,88.88888888888889
perry,1,0,0,100.0
ellis,1,0,0,100.0
international,1,8,8,52.94117647058823
reports,3,30,25,56.89655172413793
third,1,12,5,72.22222222222223
quarter,5,38,47,47.77777777777778
fiscal,1,15,11,59.25925925925926
2018,13,86,98,50.253807106598984
results,6,47,45,54.08163265306123
nasdaq,25,190,204,51.31264916467781
pery,1,0,0,100.0
november,4,18,11,66.66666666666667
2017,12,68,67,54.42176870748299
magnegas,1,1,3,040.0
track,2,0,1,66.66666666666667
achieve,1,0,0,100.0
sales,3,5,19,29.62962962962963
essi,1,0,0,100.0
further,2,0,1,66.66666666666667
expands,1,4,2,71.42857142857143
force,1,0,5,16.666666666666668
strong,18,101,92,56.39810426540284
adds,1,0,0,100.0
three,2,3,1,83.33333333333333
senior,2,9,9,055.0
industry,1,1,5,28.571428571428573
executives,1,1,2,050.0
accelerate,1,4,3,062.5
growth,4,30,36,48.57142857142857
provision,1,0,1,050.0
holding,2,3,2,71.42857142857143
announces,29,147,185,48.75346260387812
financial,4,19,26,46.93877551020408
ended,1,5,5,54.54545454545455
september,1,3,1,080.0
other,9,19,39,41.791044776119406
pvho,1,0,1,050.0
reminder,0,1,8,11.11111111111111
laurentian,0,0,2,000.0
bank,0,2,5,28.571428571428573
announce,4,12,12,57.142857142857146
fourth,2,23,35,41.666666666666664
december,4,11,16,48.38709677419355
fintech,1,3,1,080.0
select,0,3,0,100.0
million,4,27,29,51.666666666666664
reduction,0,3,0,100.0
working,0,3,0,100.0
deficit,0,3,0,100.0
during,0,9,7,56.25
venture,3,20,22,51.111111111111114
exchange,7,51,44,56.86274509803921
ftec,0,3,0,100.0
solutions,2,4,17,26.08695652173913
present,6,64,54,56.45161290322581
micro,0,1,2,33.333333333333336
10th,0,2,2,050.0
annual,5,50,38,59.13978494623656
main,0,2,2,050.0
event,0,1,2,33.333333333333336
chfs,0,1,2,33.333333333333336
titan,0,5,1,83.33333333333333
machinery,0,2,1,66.66666666666667
october,0,2,1,66.66666666666667
titn,0,2,1,66.66666666666667
research,2,13,23,39.473684210526315
drivers,0,7,5,58.333333333333336
alliance,0,3,0,100.0
data,0,11,11,050.0
activision,0,3,0,100.0
blizzard,0,3,0,100.0
caterpillar,0,3,0,100.0
fortinet,1,6,2,77.77777777777777
american,1,5,3,66.66666666666667
airlines,0,3,0,100.0
mcdermott,0,3,0,100.0
factors,0,6,10,037.5
influence,0,6,10,037.5
major,1,5,6,050.0
initiatives,0,6,6,050.0
sustained,0,5,4,55.55555555555556
production,0,9,6,060.0
canadian,2,4,4,060.0
stock,3,30,27,055.0
tangelo,0,3,0,100.0
operational,0,3,2,060.0
focus,1,3,1,080.0
drives,0,7,6,53.84615384615385
business,2,10,7,63.1578947368421
metrics,0,3,0,100.0
publication,0,2,5,28.571428571428573
summarizes,0,1,0,100.0
phase,4,19,22,51.111111111111114
studies,1,4,2,71.42857142857143
2127107,0,1,0,100.0
showing,0,2,0,100.0
tolerability,0,1,0,100.0
amplification,0,1,0,100.0
skeletal,0,1,0,100.0
muscle,0,1,0,100.0
response,1,1,0,100.0
nerve,0,1,0,100.0
activation,0,1,0,100.0
cytk,0,1,2,33.333333333333336
indicators,0,1,4,020.0
opportunity,0,1,4,020.0
within,1,1,7,22.22222222222222
duke,0,0,4,000.0
energy,0,23,20,53.48837209302326
dana,0,0,3,000.0
columbia,0,0,3,000.0
property,0,1,3,025.0
trust,1,4,9,35.714285714285715
time,0,4,7,36.36363636363637
microchip,0,0,3,000.0
technology,0,11,16,40.74074074074074
cerner,0,0,3,000.0
emphasizes,0,1,4,020.0
economic,0,5,10,33.333333333333336
nine,0,2,1,66.66666666666667
declares,0,2,1,66.66666666666667
dividend,0,3,3,050.0
common,0,5,9,35.714285714285715
expected,0,2,2,050.0
increase,0,6,5,54.54545454545455
revenues,0,3,4,42.857142857142854
from,5,17,17,56.41025641025641
completion,1,6,6,53.84615384615385
program,0,4,6,040.0
charters,0,2,2,050.0
bring,0,2,2,050.0
fleet,0,2,1,66.66666666666667
long,0,2,1,66.66666666666667
term,0,3,2,060.0
contracts,1,3,2,66.66666666666667
billion,1,6,5,58.333333333333336
minimum,0,2,1,66.66666666666667
revenue,1,6,13,035.0
backlog,0,2,2,050.0
merus,0,0,1,000.0
36th,4,32,15,70.58823529411765
morgan,4,34,18,67.85714285714286
healthcare,5,35,24,062.5
conference,9,71,57,58.394160583941606
mrus,0,0,1,000.0
nabriva,1,0,2,33.333333333333336
therapeutics,6,20,21,55.319148936170215
participate,1,3,6,040.0
guggenheim,1,0,2,33.333333333333336
securities,1,3,9,30.76923076923077
boston,1,0,2,33.333333333333336
nbrv,1,0,2,33.333333333333336
silvercrest,0,2,1,66.66666666666667
bought,0,2,1,66.66666666666667
deal,0,2,2,050.0
private,2,12,8,63.63636363636363
placement,2,11,7,065.0
youngevity,0,1,0,100.0
subsidiary,3,5,13,38.095238095238095
roasters,0,1,0,100.0
receives,2,5,4,63.63636363636363
purchase,0,1,1,050.0
green,0,2,4,33.333333333333336
coffee,0,1,0,100.0
ship,0,1,0,100.0
inet,0,1,2,33.333333333333336
nordic,0,1,2,33.333333333333336
changes,0,3,8,27.272727272727273
regarding,0,2,3,040.0
securitized,0,1,2,33.333333333333336
derivatives,0,1,2,33.333333333333336
market,3,13,22,42.10526315789474
maker,0,1,2,33.333333333333336
orders,0,1,3,025.0
effective,1,1,3,040.0
umpqua,0,2,4,33.333333333333336
formation,0,2,2,050.0
umpq,0,1,2,33.333333333333336
interim,0,5,3,062.5
period,0,5,1,83.33333333333333
oslo,0,3,0,100.0
golp01,0,3,0,100.0
instruments,0,4,1,080.0
makes,1,1,0,100.0
voluntary,0,1,1,050.0
prepayment,0,1,0,100.0
loan,0,1,2,33.333333333333336
mksi,0,3,1,075.0
avivagen,0,2,1,66.66666666666667
closing,2,10,8,060.0
totaling,0,2,1,66.66666666666667
landmark,0,1,1,050.0
asthma,0,2,2,050.0
study,3,14,11,60.714285714285715
demonstrates,0,4,3,57.142857142857146
device,0,2,2,050.0
choice,0,1,1,050.0
determines,0,1,1,050.0
control,0,1,1,050.0
saturn,1,2,0,100.0
complete,1,3,2,66.66666666666667
brokered,2,4,4,060.0
soitec,0,4,2,66.66666666666667
substrate,0,2,1,66.66666666666667
breakthrough,0,2,1,66.66666666666667
image,0,2,1,66.66666666666667
sensing,0,2,2,050.0
devices,0,2,1,66.66666666666667
paris,1,2,1,075.0
nathaniel,0,0,2,000.0
klein,0,3,5,037.5
joins,0,5,12,29.41176470588235
innovative,0,2,4,33.333333333333336
food,0,0,2,000.0
holdings,2,8,16,38.46153846153846
board,1,10,14,044.0
directors,1,5,10,037.5
ivfh,0,0,2,000.0
cbis,0,2,1,66.66666666666667
honorable,0,1,0,100.0
judge,0,1,0,100.0
kimberly,0,1,0,100.0
mueller,0,1,0,100.0
appointed,1,1,0,100.0
former,0,1,1,050.0
president,0,4,2,66.66666666666667
barack,0,1,0,100.0
obama,0,1,0,100.0
sets,0,1,0,100.0
temporary,0,1,0,100.0
restraining,0,1,0,100.0
order,0,2,1,66.66666666666667
hearing,0,1,0,100.0
today,0,5,6,45.45454545454545
thursday,0,4,0,100.0
30pm,0,1,0,100.0
department,0,1,0,100.0
district,1,1,12,14.285714285714286
courthouse,0,1,0,100.0
street,1,1,2,050.0
sacramento,0,1,0,100.0
spar,0,1,0,100.0
promotion,0,1,0,100.0
gerry,0,1,0,100.0
marrone,0,1,1,050.0
chief,1,5,4,060.0
officer,1,5,4,060.0
sgrp,0,1,0,100.0
denbury,1,1,1,66.66666666666667
entry,1,1,1,66.66666666666667
into,1,5,8,42.857142857142854
note,1,1,1,66.66666666666667
agreements,2,5,4,63.63636363636363
nyse,8,43,64,44.34782608695652
cannabisnewswire,0,0,4,000.0
discussing,0,0,3,000.0
payment,1,0,5,16.666666666666668
processing,0,0,3,000.0
cannabis,0,4,10,28.571428571428573
marketplace,0,0,4,000.0
achaogen,0,0,2,000.0
positive,1,8,6,060.0
line,1,2,5,037.5
first,3,13,16,050.0
clinical,1,8,10,47.36842105263158
trial,1,10,8,57.89473684210526
orally,0,0,1,000.0
administered,0,0,1,000.0
antibacterial,0,0,1,000.0
candidate,0,2,1,66.66666666666667
scape,0,0,1,000.0
akao,0,0,2,000.0
celldex,0,2,0,100.0
initiates,0,6,6,050.0
product,0,6,2,075.0
1140,0,2,0,100.0
solid,0,2,0,100.0
tumors,0,2,0,100.0
cldx,0,2,0,100.0
regulus,0,1,2,33.333333333333336
steps,0,1,2,33.333333333333336
metres,0,5,7,41.666666666666664
intersects,0,3,4,42.857142857142854
with,6,33,42,48.148148148148145
antakori,0,1,2,33.333333333333336
peru,0,2,2,050.0
portola,0,2,2,050.0
pharmaceuticals,4,18,28,044.0
betrixaban,0,2,1,66.66666666666667
andexanet,0,2,1,66.66666666666667
alfa,0,2,1,66.66666666666667
cerdulatinib,0,2,1,66.66666666666667
59th,0,2,1,66.66666666666667
society,0,2,1,66.66666666666667
hematology,0,2,1,66.66666666666667
meeting,0,3,5,037.5
ptla,0,2,1,66.66666666666667
great,0,0,4,000.0
lakes,0,0,3,000.0
gldd,0,0,3,000.0
earth,0,2,1,66.66666666666667
science,0,4,3,57.142857142857146
tech,0,3,1,075.0
enters,0,4,4,050.0
negotiations,0,2,1,66.66666666666667
nanoderm,0,1,1,050.0
distribution,1,2,6,33.333333333333336
countries,0,1,1,050.0
plans,0,2,2,050.0
seropositive,0,1,1,050.0
aids,0,1,1,050.0
patients,1,8,8,52.94117647058823
etst,0,2,1,66.66666666666667
smart,0,5,6,45.45454545454545
global,6,13,19,050.0
pricing,0,2,3,040.0
secondary,0,1,0,100.0
offering,1,5,11,35.294117647058826
ordinary,0,1,0,100.0
shares,2,3,4,55.55555555555556
biotelemetry,0,2,1,66.66666666666667
agreement,4,15,19,050.0
provide,0,2,1,66.66666666666667
cardiac,0,2,1,66.66666666666667
monitoring,0,4,2,66.66666666666667
apple,0,2,3,040.0
heart,0,2,1,66.66666666666667
beat,0,2,1,66.66666666666667
catalyst,0,1,2,33.333333333333336
previously,0,2,2,050.0
announced,0,2,2,050.0
public,0,4,11,26.666666666666668
cprx,0,1,2,33.333333333333336
fazal,0,1,2,33.333333333333336
merchant,0,1,2,33.333333333333336
ryman,0,1,2,33.333333333333336
hospitality,0,1,2,33.333333333333336
properties,0,4,6,040.0
ambarella,0,2,1,66.66666666666667
year,5,33,27,58.46153846153846
amba,0,2,1,66.66666666666667
altair,0,2,1,66.66666666666667
altr,0,2,1,66.66666666666667
intellipharmaceutics,0,2,1,66.66666666666667
launch,0,6,7,46.15384615384615
additional,0,3,4,42.857142857142854
generic,0,2,1,66.66666666666667
focalin,0,2,1,66.66666666666667
pharmaceutical,0,4,3,57.142857142857146
ipci,0,2,1,66.66666666666667
novo,0,1,2,33.333333333333336
completes,5,14,19,050.0
earn,0,1,2,33.333333333333336
artemis,0,1,2,33.333333333333336
resources,0,2,7,22.22222222222222
mining,2,3,3,062.5
credit,2,5,0,100.0
facility,1,5,0,100.0
provides,0,6,12,33.333333333333336
progress,0,5,5,050.0
update,0,7,6,53.84615384615385
toronto,0,13,9,59.09090909090909
ramco,0,1,2,33.333333333333336
gershenson,0,1,2,33.333333333333336
preferred,0,2,3,040.0
dividends,0,2,2,050.0
aegean,1,2,0,100.0
marine,1,2,0,100.0
petroleum,1,3,1,080.0
network,1,4,5,050.0
secured,1,2,0,100.0
borrowing,1,2,0,100.0
base,1,2,0,100.0
multicurrency,1,2,0,100.0
revolving,1,2,0,100.0
prognos,0,0,2,000.0
company,2,8,26,27.77777777777778
raises,0,2,2,050.0
towards,0,0,3,000.0
predicting,0,0,2,000.0
disease,0,0,3,000.0
earliest,0,0,2,000.0
washington,2,1,4,42.857142857142854
reit,1,0,9,010.0
acquire,2,8,16,38.46153846153846
arlington,1,0,2,33.333333333333336
tower,1,0,2,33.333333333333336
rosslyn,1,0,2,33.333333333333336
also,1,1,2,050.0
letter,1,0,6,14.285714285714286
intent,1,0,4,020.0
sale,2,9,8,57.89473684210526
2445,1,0,2,33.333333333333336
vmware,0,3,0,100.0
continued,0,3,0,100.0
broad,0,3,0,100.0
based,1,4,3,062.5
strength,0,4,1,080.0
across,0,4,1,080.0
portfolio,0,5,4,55.55555555555556
geographies,0,3,0,100.0
biotricity,0,0,4,000.0
expansion,0,0,4,000.0
bioflux,0,0,4,000.0
pilot,0,3,6,33.333333333333336
sites,0,1,4,020.0
btcy,0,0,4,000.0
selecta,0,4,0,100.0
biosciences,0,8,3,72.72727272727273
acceptance,0,6,2,075.0
investigational,0,4,0,100.0
drug,1,6,6,53.84615384615385
application,0,6,6,050.0
rapamycin,0,4,0,100.0
combination,0,4,0,100.0
therapy,1,5,4,060.0
selb,0,4,0,100.0
quirklogic,0,4,0,100.0
founders,0,2,0,100.0
demonstrate,1,4,1,83.33333333333333
quilla,0,4,0,100.0
8482,0,4,0,100.0
helps,0,2,0,100.0
teams,0,4,2,66.66666666666667
ideate,0,2,0,100.0
real,0,7,2,77.77777777777777
solution,1,5,1,85.71428571428571
facilitates,0,2,0,100.0
interactive,0,2,0,100.0
collaboration,0,6,5,54.54545454545455
remote,0,2,0,100.0
innovate,0,2,0,100.0
faster,0,2,0,100.0
intra,0,4,3,57.142857142857146
cellular,0,6,2,075.0
therapies,0,7,1,087.5
itci,0,4,0,100.0
agios,0,3,1,075.0
monday,0,3,1,075.0
january,8,47,58,48.67256637168141
agio,0,3,1,075.0
healthlynked,1,0,0,100.0
corp,2,4,6,050.0
release,3,6,10,47.36842105263158
medical,1,3,6,040.0
newsfeed,1,0,0,100.0
service,2,0,1,66.66666666666667
members,1,0,2,33.333333333333336
providers,1,0,0,100.0
hlyk,1,0,0,100.0
coolisys,0,0,4,000.0
technologies,3,6,12,42.857142857142854
signs,2,0,6,025.0
definitive,0,0,4,000.0
enertec,0,0,4,000.0
sarepta,0,1,2,33.333333333333336
srpt,0,1,2,33.333333333333336
peregrine,1,2,1,075.0
biotech,1,11,21,36.36363636363637
showcase,1,11,24,33.333333333333336
pphm,1,2,0,100.0
meridian,1,1,2,050.0
bancorp,2,5,10,41.1764705882353
meetinghouse,1,1,2,050.0
acquisition,3,9,14,46.15384615384615
ebsb,1,1,2,050.0
progenics,0,3,1,075.0
enrollment,0,4,1,080.0
psma,0,3,1,075.0
targeted,0,3,1,075.0
imaging,0,4,1,080.0
agent,0,3,1,075.0
1404,0,3,1,075.0
pgnx,0,3,1,075.0
contravir,0,1,3,025.0
ctrv,0,1,3,025.0
sand,0,2,1,66.66666666666667
commencement,1,2,2,060.0
unit,0,3,2,060.0
train,0,2,1,66.66666666666667
shipments,0,2,1,66.66666666666667
union,1,2,1,075.0
pacific,0,2,1,66.66666666666667
railroad,0,2,1,66.66666666666667
internet,0,0,4,000.0
things,0,0,4,000.0
archrock,0,4,4,050.0
remaining,0,2,2,050.0
stake,0,2,2,050.0
partners,0,14,10,58.333333333333336
aroc,0,2,2,050.0
francesca,0,1,3,025.0
participation,0,2,9,18.181818181818183
20th,0,12,14,46.15384615384615
fran,0,1,3,025.0
detailed,0,4,6,040.0
perspectives,0,4,6,040.0
advanced,0,1,6,14.285714285714286
industries,0,1,6,14.285714285714286
news,0,1,1,050.0
corporation,4,14,20,47.36842105263158
ethan,0,1,1,050.0
allen,0,1,2,33.333333333333336
interiors,0,1,1,050.0
inogen,0,1,1,050.0
pros,0,1,1,050.0
biolife,0,1,1,050.0
what,0,4,6,040.0
competitive,0,4,7,36.36363636363637
landscape,0,4,6,040.0
jericho,1,1,0,100.0
closes,1,2,1,075.0
vericel,0,2,2,050.0
vcel,0,2,2,050.0
star,0,3,0,100.0
bulk,0,5,0,100.0
debt,1,7,2,080.0
principal,0,3,0,100.0
repayments,0,3,0,100.0
sblk,0,3,0,100.0
wisdomtree,0,2,2,050.0
transformative,0,2,2,050.0
advancements,0,2,2,050.0
wetf,0,2,2,050.0
communities,0,0,4,000.0
healthequity,0,0,4,000.0
caretrust,0,0,4,000.0
spartan,0,0,4,000.0
motors,0,0,4,000.0
golub,0,0,4,000.0
cowen,0,0,4,000.0
buyback,0,1,2,33.333333333333336
copenhagen,0,1,2,33.333333333333336
acasti,0,2,2,050.0
pharma,0,4,4,050.0
kratos,0,4,2,66.66666666666667
single,0,2,3,040.0
award,0,2,5,28.571428571428573
contract,0,3,3,050.0
high,2,7,9,050.0
performance,0,3,8,27.272727272727273
unmanned,0,3,2,060.0
aerial,0,3,2,060.0
drone,0,3,2,060.0
systems,0,7,3,070.0
ktos,0,4,2,66.66666666666667
blackrock,1,1,1,66.66666666666667
canada,3,4,5,58.333333333333336
final,3,1,2,66.66666666666667
cash,1,2,1,075.0
distributions,1,2,1,075.0
ishares,1,1,1,66.66666666666667
premium,1,1,1,66.66666666666667
money,1,1,1,66.66666666666667
anaptysbio,0,2,2,050.0
presentation,1,4,5,050.0
anab,0,2,2,050.0
apellis,0,2,2,050.0
apls,0,2,2,050.0
copper,0,1,2,33.333333333333336
lake,0,1,3,025.0
tranche,1,2,1,075.0
approval,1,1,4,33.333333333333336
jeap,0,1,0,100.0
grant,0,1,0,100.0
cesca,0,2,1,66.66666666666667
tuesday,0,2,6,025.0
kool,0,2,1,66.66666666666667
lexicon,0,2,2,050.0
upcoming,1,4,5,050.0
investor,1,6,15,31.818181818181817
lxrx,0,2,2,050.0
mammoth,0,2,2,050.0
settlement,0,2,2,050.0
issuance,1,2,3,050.0
options,0,2,2,050.0
brookfield,0,4,4,050.0
renewable,0,4,5,44.44444444444444
terraform,0,2,1,66.66666666666667
repligen,0,1,1,050.0
rgen,0,1,1,050.0
southern,0,2,1,66.66666666666667
oklahoma,0,2,1,66.66666666666667
assets,1,4,2,71.42857142857143
hiring,0,2,1,66.66666666666667
advisor,0,2,1,66.66666666666667
mcep,0,2,1,66.66666666666667
inovalon,1,2,1,075.0
inov,1,2,1,075.0
virtu,1,1,1,66.66666666666667
bondpoint,1,1,1,66.66666666666667
virt,1,1,1,66.66666666666667
moneytrac,0,0,4,000.0
potsaver,0,0,1,000.0
create,0,3,1,075.0
networking,0,0,1,000.0
marketing,0,5,5,050.0
platform,0,1,3,025.0
businesses,0,0,3,000.0
gohe,1,0,4,020.0
protalix,0,2,2,050.0
biotherapeutics,1,5,3,66.66666666666667
oprx,0,2,2,050.0
ulcerative,0,2,2,050.0
colitis,0,2,2,050.0
beigene,1,3,1,080.0
anti,1,4,1,83.33333333333333
antibody,1,4,1,83.33333333333333
tislelizumab,1,3,1,080.0
hepatocellular,0,2,1,66.66666666666667
carcinoma,0,2,1,66.66666666666667
bgne,1,3,1,080.0
datametrex,0,2,2,050.0
advisory,0,5,3,062.5
member,0,2,3,040.0
spiros,0,2,2,050.0
margaris,0,2,2,050.0
sorrento,0,3,1,075.0
potential,1,4,1,83.33333333333333
game,0,3,1,075.0
changer,0,3,1,075.0
viral,0,3,1,075.0
autologous,0,3,1,075.0
allogeneic,0,3,1,075.0
shelf,0,4,2,66.66666666666667
srne,0,3,1,075.0
management,2,6,9,47.05882352941177
director,1,4,3,062.5
increases,1,2,0,100.0
their,1,2,3,050.0
silicon,1,2,1,075.0
through,1,4,0,100.0
warrant,1,3,3,57.142857142857146
exercises,1,3,0,100.0
surpasses,0,0,1,000.0
cumulative,0,0,1,000.0
volume,1,0,2,33.333333333333336
level,0,1,1,050.0
after,1,0,2,33.333333333333336
increasing,0,0,1,000.0
since,0,0,1,000.0
2015,0,0,1,000.0
sparton,0,1,3,025.0
signed,0,1,3,025.0
evaluation,0,1,3,025.0
vanadium,0,1,3,025.0
project,0,4,4,050.0
shaanxi,0,1,3,025.0
province,0,1,3,025.0
china,1,1,8,020.0
firm,0,7,7,050.0
class,1,8,11,045.0
action,1,8,11,045.0
filed,1,4,12,29.41176470588235
behalf,1,3,10,28.571428571428573
shareholders,2,3,7,41.666666666666664
lead,2,3,9,35.714285714285715
plaintiff,2,3,5,050.0
deadline,2,3,6,45.45454545454545
february,1,4,1,83.33333333333333
retrophin,1,2,0,100.0
rtrx,1,2,0,100.0
hovnanian,0,1,3,025.0
enterprises,0,2,4,33.333333333333336
offer,2,2,7,36.36363636363637
financing,1,3,7,36.36363636363637
transactions,0,1,2,33.333333333333336
bonanza,0,1,2,33.333333333333336
creek,0,1,2,33.333333333333336
termination,0,1,3,025.0
merger,0,1,3,025.0
sandridge,0,1,2,33.333333333333336
bcei,0,1,2,33.333333333333336
habit,0,1,3,025.0
restaurants,0,1,3,025.0
habt,0,1,3,025.0
align,0,3,1,075.0
patient,3,2,7,41.666666666666664
treatment,4,2,10,037.5
innovation,2,2,1,080.0
oral,2,0,1,66.66666666666667
prurisol,2,0,1,66.66666666666667
psoriasis,2,0,1,66.66666666666667
ipix,2,0,1,66.66666666666667
elev8,0,0,4,000.0
brands,0,3,7,030.0
hires,0,0,5,000.0
counsel,0,0,4,000.0
file,0,0,4,000.0
form,0,0,5,000.0
registration,0,1,5,16.666666666666668
statement,0,0,4,000.0
become,0,0,4,000.0
fully,0,1,5,16.666666666666668
reporting,0,0,4,000.0
vate,0,0,4,000.0
metals,1,1,7,22.22222222222222
health,0,4,8,33.333333333333336
advance,0,0,1,000.0
submits,0,0,1,000.0
multiple,0,2,1,66.66666666666667
filings,0,0,1,000.0
efforts,0,0,1,000.0
current,0,0,1,000.0
following,0,0,1,000.0
change,0,1,2,33.333333333333336
hadv,0,0,1,000.0
gthx,0,1,0,100.0
finjan,0,1,3,025.0
fireeye,0,1,3,025.0
enter,0,3,3,050.0
patent,1,2,7,030.0
license,0,2,4,33.333333333333336
fnjn,0,1,3,025.0
liberty,2,2,4,050.0
latin,1,1,2,050.0
america,1,4,5,050.0
split,1,1,3,040.0
lila,1,1,2,050.0
alert,2,3,4,55.55555555555556
levi,1,1,2,050.0
korsinsky,1,1,2,050.0
reminds,1,0,5,16.666666666666668
complaint,1,1,2,050.0
array,1,0,2,33.333333333333336
biopharma,1,1,3,040.0
arry,1,0,2,33.333333333333336
asure,0,3,1,075.0
software,0,3,4,42.857142857142854
acquires,0,7,9,43.75
sheakley,0,3,1,075.0
paysystems,0,3,1,075.0
asur,0,3,1,075.0
aptose,0,2,2,050.0
apto,0,2,2,050.0
full,1,12,16,44.827586206896555
ftnt,1,3,2,66.66666666666667
atara,1,3,1,080.0
initiation,1,2,1,075.0
evaluate,1,4,2,71.42857142857143
tabelecleucel,1,2,1,075.0
rituximab,1,2,1,075.0
refractory,1,2,2,060.0
epstein,1,2,1,075.0
barr,1,2,1,075.0
virus,1,2,1,075.0
associated,1,2,2,060.0
post,1,2,1,075.0
transplant,1,2,1,075.0
lymphoproliferative,1,2,1,075.0
disorder,2,2,2,66.66666666666667
ptld,1,2,1,075.0
atra,1,3,1,080.0
lisis,0,2,2,050.0
block,1,2,3,050.0
cticamente,0,2,2,050.0
todos,0,2,2,050.0
contribuyentes,0,2,2,050.0
afectados,0,2,2,050.0
reforma,0,2,2,050.0
impuestos,0,2,2,050.0
elliot,0,2,2,050.0
sloane,0,2,2,050.0
consulting,0,4,4,050.0
managing,0,2,2,050.0
york,0,3,4,42.857142857142854
evio,0,4,4,050.0
licensed,0,2,2,050.0
california,0,3,9,025.0
testing,0,2,2,050.0
laboratory,0,3,2,060.0
wingstop,0,3,1,075.0
wing,0,3,1,075.0
syncora,0,2,0,100.0
guarantee,0,2,0,100.0
resolution,0,2,0,100.0
greenpoint,0,2,0,100.0
litigation,0,2,0,100.0
sycrf,0,2,0,100.0
coming,1,1,1,66.66666666666667
nutritional,1,2,1,075.0
house,1,2,2,060.0
signing,1,1,2,050.0
formal,1,1,1,66.66666666666667
joint,2,2,4,050.0
prices,0,1,3,025.0
rgse,0,1,3,025.0
denny,0,4,0,100.0
denn,0,4,0,100.0
ebix,0,4,2,66.66666666666667
paul,0,2,1,66.66666666666667
merchants,0,2,1,66.66666666666667
remittance,0,2,1,66.66666666666667
travel,0,2,1,66.66666666666667
while,0,3,2,060.0
ending,0,2,1,66.66666666666667
strategic,0,3,4,42.857142857142854
vara,0,2,1,66.66666666666667
united,0,3,7,030.0
option,0,4,2,66.66666666666667
positions,0,2,2,050.0
innovest,0,1,2,33.333333333333336
ivst,0,1,2,33.333333333333336
templeton,1,3,5,44.44444444444444
emerging,0,2,3,040.0
income,1,6,9,43.75
fund,1,2,7,030.0
addition,0,2,4,33.333333333333336
gentex,1,2,1,075.0
connected,1,6,1,087.5
biometrics,1,2,1,075.0
digital,2,5,6,53.84615384615385
rear,1,2,1,075.0
vision,1,3,3,57.142857142857146
gntx,1,2,1,075.0
live,0,4,4,050.0
ventures,0,2,2,050.0
percent,0,2,3,040.0
holiday,0,3,3,050.0
season,0,2,2,050.0
vintage,0,2,2,050.0
geovax,0,0,4,000.0
govx,0,0,4,000.0
customers,0,1,4,020.0
expects,1,2,4,42.857142857142854
charge,0,1,2,33.333333333333336
legislation,0,1,2,33.333333333333336
strategies,0,1,2,33.333333333333336
less,0,1,2,33.333333333333336
than,0,1,2,33.333333333333336
cents,0,1,2,33.333333333333336
cubi,0,1,2,33.333333333333336
extended,0,3,1,075.0
stay,0,6,2,075.0
extension,0,2,2,050.0
paired,0,2,1,66.66666666666667
repurchase,0,3,3,050.0
authorization,0,2,1,66.66666666666667
aceto,1,0,2,33.333333333333336
rising,1,0,2,33.333333333333336
launches,2,3,4,55.55555555555556
efavirenz,1,0,2,33.333333333333336
capsules,1,0,2,33.333333333333336
50mg,1,0,2,33.333333333333336
200mg,1,0,2,33.333333333333336
acet,1,0,2,33.333333333333336
avinger,0,0,1,000.0
globally,0,0,1,000.0
next,0,3,3,050.0
generation,0,4,3,57.142857142857146
pantheris,0,0,1,000.0
avgr,0,0,1,000.0
cymabay,0,3,1,075.0
cbay,0,3,1,075.0
recro,0,0,1,000.0
executive,1,3,6,040.0
promotions,0,0,1,000.0
team,0,5,2,71.42857142857143
reph,0,0,1,000.0
reed,2,0,2,050.0
compliance,1,0,1,050.0
achieved,1,0,1,050.0
praa,0,2,1,66.66666666666667
tetraphase,0,0,3,000.0
submission,0,0,3,000.0
eravacycline,0,0,3,000.0
complicated,0,0,3,000.0
abdominal,0,0,3,000.0
infections,0,0,3,000.0
ciai,0,0,3,000.0
ttph,0,0,3,000.0
elite,0,1,2,33.333333333333336
phendimetrazine,0,0,2,000.0
tartrate,0,0,2,000.0
tablets,0,0,2,000.0
eltp,0,1,2,33.333333333333336
arcadis,0,2,0,100.0
resigns,0,2,0,100.0
investors,1,2,8,27.272727272727273
triangle,0,0,3,000.0
tcap,0,0,3,000.0
reilly,0,3,0,100.0
automotive,0,4,1,080.0
dates,0,3,0,100.0
earnings,1,10,8,57.89473684210526
call,1,12,8,61.904761904761905
orly,0,3,0,100.0
funko,0,0,2,000.0
fnko,0,0,2,000.0
murphy,0,4,1,080.0
schedules,0,5,4,55.55555555555556
musa,0,3,0,100.0
european,2,0,1,66.66666666666667
trading,2,0,2,050.0
under,1,0,3,025.0
mifid,1,0,1,050.0
survey,1,0,1,050.0
finds,1,0,1,050.0
buyside,1,0,1,050.0
more,1,0,1,050.0
robust,1,0,2,33.333333333333336
liquidity,1,0,1,050.0
oxford,0,2,3,040.0
lane,0,1,3,025.0
that,1,1,7,22.22222222222222
entered,0,1,2,33.333333333333336
transaction,0,1,2,33.333333333333336
nomura,0,1,2,33.333333333333336
oxlco,0,1,2,33.333333333333336
eagle,0,1,1,050.0
egbn,0,1,1,050.0
literacy,1,0,1,050.0
success,1,0,1,050.0
levels,1,0,1,050.0
soar,1,0,1,050.0
louisiana,1,0,1,050.0
turning,1,0,1,050.0
voyager,1,0,1,050.0
sopris,1,0,1,050.0
learning,1,0,1,050.0
letrs,1,0,1,050.0
abcd,1,0,1,050.0
home,0,3,2,060.0
exceed,0,2,3,040.0
2022,0,0,2,000.0
zion,0,2,3,040.0
hope,0,0,6,000.0
constellation,0,0,3,000.0
total,1,0,4,020.0
specific,0,0,3,000.0
chart,0,2,1,66.66666666666667
skaff,0,2,1,66.66666666666667
cryogenics,0,2,1,66.66666666666667
gtls,0,2,1,66.66666666666667
maha,0,3,0,100.0
volumes,0,3,0,100.0
cherubim,1,0,0,100.0
interests,1,0,0,100.0
commitment,1,0,2,33.333333333333336
chit,1,0,0,100.0
supernus,0,2,1,66.66666666666667
supn,0,2,1,66.66666666666667
crush,0,2,0,100.0
conferences,1,2,3,050.0
hclp,0,2,0,100.0
lamar,0,0,3,000.0
advertising,0,0,3,000.0
operating,1,0,4,020.0
lamr,0,0,3,000.0
pixelworks,1,0,2,33.333333333333336
needham,2,4,9,040.0
pxlw,1,0,2,33.333333333333336
important,0,0,5,000.0
philip,0,2,4,33.333333333333336
morris,0,2,4,33.333333333333336
wolf,0,0,5,000.0
haldenstein,0,0,5,000.0
adler,0,0,5,000.0
freeman,0,0,5,000.0
herz,0,0,5,000.0
lawsuit,0,1,7,012.5
been,0,1,6,14.285714285714286
states,0,0,5,000.0
court,0,0,5,000.0
jersey,0,0,3,000.0
suffered,0,0,5,000.0
losses,0,0,5,000.0
chemocentryx,1,1,0,100.0
ccxi,1,1,0,100.0
companies,0,2,2,050.0
appointment,0,3,10,23.076923076923077
commerce,0,1,3,025.0
merchandising,0,1,2,33.333333333333336
pacira,0,1,1,050.0
pcrx,0,1,1,050.0
appointments,1,2,1,075.0
susan,1,1,0,100.0
kelley,1,1,0,100.0
david,1,2,0,100.0
hastings,1,1,0,100.0
vblt,1,1,0,100.0
vistagen,1,0,1,050.0
fast,1,0,1,050.0
designation,2,0,1,66.66666666666667
depressive,1,0,1,050.0
addex,0,1,2,33.333333333333336
indivior,0,1,2,33.333333333333336
sign,0,1,3,025.0
partnership,0,10,8,55.55555555555556
development,0,9,8,52.94117647058823
gabab,0,1,2,33.333333333333336
pams,0,1,2,33.333333333333336
addiction,0,1,2,33.333333333333336
treatments,0,1,4,020.0
swiss,0,1,2,33.333333333333336
adxn,0,1,2,33.333333333333336
cytokinetics,0,0,2,000.0
against,1,4,5,050.0
2020,0,0,2,000.0
executes,0,1,1,050.0
binding,0,1,1,050.0
diego,0,1,3,025.0
industrial,0,3,8,27.272727272727273
welding,0,1,3,025.0
supply,1,3,4,050.0
foothold,0,1,3,025.0
expand,0,2,2,050.0
magnegas2,0,1,1,050.0
link,0,0,1,000.0
reservations,0,0,1,000.0
cryptolus,0,0,1,000.0
burgeoning,0,0,1,000.0
bitcoin,0,1,3,025.0
freeze,0,0,1,000.0
fundraising,0,0,1,000.0
donation,0,0,1,000.0
diabetes,0,0,1,000.0
awareness,0,0,1,000.0
frzt,0,0,1,000.0
marijuana,0,2,5,28.571428571428573
honeyb,0,0,2,000.0
healthy,0,1,2,33.333333333333336
living,0,0,2,000.0
benihemp,0,0,2,000.0
brand,0,0,3,000.0
island,0,0,1,000.0
lined,0,0,1,000.0
hihi,0,0,1,000.0
prepares,0,0,1,000.0
including,0,1,3,025.0
vanessa,0,0,1,000.0
luna,0,0,1,000.0
sanuwave,0,0,2,000.0
hold,0,0,2,000.0
discuss,1,0,2,33.333333333333336
snwv,0,0,2,000.0
general,1,0,4,020.0
negotiates,0,1,1,050.0
crown,0,2,2,050.0
baus,0,1,1,050.0
cbca,0,1,1,050.0
future,0,5,2,71.42857142857143
blockchain,1,3,5,44.44444444444444
cryptocurrency,1,2,2,060.0
adding,0,1,1,050.0
pharmacy,0,1,1,050.0
openings,0,1,1,050.0
programs,0,1,3,025.0
emza,0,1,1,050.0
himax,0,1,1,050.0
human,0,1,1,050.0
presence,0,1,1,050.0
visual,0,1,1,050.0
sensor,0,1,2,33.333333333333336
consumer,0,1,1,050.0
appliances,0,1,1,050.0
applications,0,1,2,33.333333333333336
himx,0,1,1,050.0
chicago,0,0,2,000.0
kessler,0,0,3,000.0
orlean,0,0,2,000.0
silver,0,0,3,000.0
wipfli,0,0,2,000.0
sciences,0,1,2,33.333333333333336
cvsi,0,0,2,000.0
genesis,2,1,4,42.857142857142854
electronic,2,0,1,66.66666666666667
cacique,2,0,1,66.66666666666667
pink,3,0,1,075.0
gegi,2,0,1,66.66666666666667
sister,2,0,1,66.66666666666667
inca,2,0,1,66.66666666666667
worldwide,2,0,1,66.66666666666667
goals,2,0,1,66.66666666666667
qedn,2,0,1,66.66666666666667
actua,0,2,1,66.66666666666667
foliodynamix,0,2,1,66.66666666666667
acta,0,2,1,66.66666666666667
trevena,0,1,2,33.333333333333336
review,0,2,2,050.0
olinvo,0,1,2,33.333333333333336
oliceridine,0,1,2,33.333333333333336
injection,0,1,2,33.333333333333336
trvn,0,1,2,33.333333333333336
anthera,0,1,1,050.0
patrick,0,1,1,050.0
vice,0,1,2,33.333333333333336
manufacturing,0,1,1,050.0
anth,0,1,1,050.0
peyto,0,2,1,66.66666666666667
exploration,0,2,1,66.66666666666667
notes,0,4,7,36.36363636363637
clementia,1,0,1,050.0
cmta,1,0,1,050.0
libe,2,0,2,050.0
bravatek,1,0,1,050.0
bvtk,1,0,1,050.0
spark,0,0,3,000.0
kind,0,0,3,000.0
improve,0,0,2,000.0
access,0,1,4,020.0
luxturna,0,0,2,000.0
voretigene,0,0,2,000.0
neparvovec,0,0,2,000.0
rzyl,0,0,2,000.0
gene,1,2,3,050.0
once,0,0,3,000.0
editas,0,1,1,050.0
medicine,1,1,2,050.0
edit,0,1,1,050.0
resorts,0,1,1,050.0
filing,0,4,2,66.66666666666667
quotemedia,1,2,0,100.0
compensation,1,2,0,100.0
qmci,1,2,0,100.0
crispr,0,0,1,000.0
proposed,0,2,2,050.0
crsp,0,0,1,000.0
uniti,0,1,1,050.0
citi,0,2,1,66.66666666666667
west,0,3,3,050.0
checkpoint,0,0,2,000.0
ckpt,0,0,2,000.0
sabra,0,0,3,000.0
care,0,0,4,000.0
facilities,0,0,3,000.0
leased,0,0,3,000.0
sbra,0,0,3,000.0
zosano,0,1,1,050.0
notice,0,1,1,050.0
allowance,0,1,1,050.0
covering,1,1,2,050.0
m207,0,1,1,050.0
acute,0,1,1,050.0
migraine,0,1,1,050.0
zsan,0,1,1,050.0
expectations,1,1,8,020.0
drive,0,0,3,000.0
momentum,0,0,2,000.0
orasure,0,1,1,050.0
lease,0,0,1,000.0
buckeye,0,0,1,000.0
glatfelter,0,0,1,000.0
western,0,0,3,000.0
trustmark,0,0,1,000.0
discovering,0,0,2,000.0
underlying,0,0,2,000.0
seacoast,0,3,0,100.0
banking,0,3,0,100.0
florida,0,3,0,100.0
quarterly,0,3,2,060.0
sbcf,0,3,0,100.0
blackberry,0,1,0,100.0
baidu,0,1,0,100.0
partnering,0,1,0,100.0
autonomous,0,1,0,100.0
vehicle,0,1,0,100.0
kraken,0,1,1,050.0
stack,0,1,0,100.0
ownership,0,1,1,050.0
lands,0,0,3,000.0
verisk,0,1,1,050.0
analytics,0,1,1,050.0
logistics,1,1,1,66.66666666666667
tivity,0,1,1,050.0
deluxe,0,1,1,050.0
northstar,0,1,1,050.0
realty,0,5,5,050.0
europe,0,1,2,33.333333333333336
geophysical,0,1,1,050.0
aqua,0,0,6,000.0
northern,0,0,3,000.0
adesto,1,0,1,050.0
iots,1,0,1,050.0
aaon,0,2,2,050.0
reform,0,1,2,33.333333333333336
bonus,0,1,1,050.0
employees,0,2,1,66.66666666666667
five,1,0,3,025.0
prime,0,0,3,000.0
dosing,1,0,4,020.0
registrational,0,0,3,000.0
fpa144,0,0,3,000.0
front,1,0,4,020.0
gastric,0,0,3,000.0
cancer,0,2,7,22.22222222222222
fprx,0,0,3,000.0
nanoco,0,2,0,100.0
cfqd,0,2,0,100.0
fine,0,2,0,100.0
color,0,2,0,100.0
film,0,2,0,100.0
london,0,2,0,100.0
nano,0,2,0,100.0
mobile,0,2,6,025.0
filters,0,1,1,050.0
shipped,0,0,1,000.0
incorporating,0,0,1,000.0
resonant,1,0,2,33.333333333333336
designs,0,0,1,000.0
immunotec,0,1,1,050.0
oxfd,0,1,1,050.0
purio,0,0,1,000.0
puro,0,0,2,000.0
corporate,1,0,2,33.333333333333336
recent,0,2,3,040.0
restructuring,0,0,1,000.0
verizon,0,2,2,050.0
networks,0,1,1,050.0
family,0,4,1,080.0
media,1,2,3,050.0
franchise,0,1,1,050.0
report,1,1,2,050.0
exclusive,0,0,2,000.0
fnhi,0,0,1,000.0
lexagene,0,1,0,100.0
prototype,0,1,1,050.0
assembly,0,1,0,100.0
soon,0,1,1,050.0
automated,0,1,0,100.0
open,0,1,1,050.0
pathogen,0,1,0,100.0
detection,0,1,0,100.0
system,0,3,3,050.0
viveve,0,0,2,000.0
preliminary,0,2,9,18.181818181818183
guidance,0,3,5,037.5
projects,0,0,2,000.0
anticipated,0,0,2,000.0
google,0,1,0,100.0
keynote,0,1,0,100.0
artificial,0,1,1,050.0
intelligence,0,1,2,33.333333333333336
trends,0,2,2,050.0
39th,0,1,0,100.0
intix,0,1,0,100.0
exhibition,0,1,0,100.0
aeis,0,0,1,000.0
ideation,0,2,0,100.0
enables,0,2,0,100.0
organizations,0,3,0,100.0
manage,0,2,0,100.0
collective,0,3,1,075.0
ideas,0,2,0,100.0
avenue,1,0,0,100.0
safety,1,0,0,100.0
intravenous,1,0,0,100.0
tramadol,1,0,0,100.0
postoperative,1,0,0,100.0
pain,3,1,0,100.0
atxi,1,0,0,100.0
rate,0,0,2,000.0
series,0,0,3,000.0
preference,0,0,2,000.0
psivida,0,1,1,050.0
eypt,0,1,1,050.0
secures,0,1,0,100.0
commitments,0,1,0,100.0
commercehub,0,0,1,000.0
schedule,2,1,1,075.0
landec,0,1,0,100.0
second,0,1,3,025.0
half,0,1,0,100.0
lndc,0,1,0,100.0
nightfood,0,1,2,33.333333333333336
ngtf,0,2,4,33.333333333333336
doubles,0,0,1,000.0
previous,0,0,1,000.0
related,0,0,1,000.0
neurometrix,0,0,1,000.0
nuro,0,0,1,000.0
prothena,0,0,1,000.0
prta,0,0,1,000.0
notifies,1,1,0,100.0
concerning,0,1,0,100.0
cavium,0,1,0,100.0
marvell,0,1,0,100.0
cavm,0,1,0,100.0
college,1,0,0,100.0
osteopathic,1,0,0,100.0
clearwater,1,0,0,100.0
site,1,0,0,100.0
civi,0,0,1,000.0
shalom,0,0,1,000.0
jacobovitz,0,0,1,000.0
insmed,0,0,2,000.0
alis,0,0,1,000.0
amikacin,0,0,1,000.0
liposome,0,0,1,000.0
inhalation,0,0,1,000.0
suspension,0,0,1,000.0
adult,0,0,1,000.0
lung,0,0,1,000.0
caused,0,0,1,000.0
commercial,1,3,3,57.142857142857146
preparations,0,0,1,000.0
insm,0,0,2,000.0
scor,1,0,0,100.0
mutr,1,0,0,100.0
mercer,0,0,1,000.0
merc,0,0,1,000.0
staffing,0,0,1,000.0
shareholder,1,2,3,050.0
vote,0,0,1,000.0
result,0,0,1,000.0
reverse,0,0,2,000.0
staf,0,0,1,000.0
chimerix,0,2,0,100.0
cmrx,0,1,0,100.0
dynamics,0,0,1,000.0
dnad,0,0,1,000.0
design,1,0,4,020.0
teligent,0,1,0,100.0
tlgt,0,1,0,100.0
lrcx,0,0,1,000.0
dova,0,0,2,000.0
momenta,0,2,1,66.66666666666667
mylan,0,1,0,100.0
strategy,0,1,0,100.0
m710,0,1,0,100.0
biosimilar,0,1,0,100.0
eylea,0,1,0,100.0
aflibercept,0,1,0,100.0
willbros,0,1,0,100.0
tank,0,1,0,100.0
services,0,2,5,28.571428571428573
inventiv,0,0,1,000.0
transition,0,0,1,000.0
synh,0,0,1,000.0
marketaxess,1,0,1,050.0
monthly,1,1,2,050.0
statistics,1,0,1,050.0
mktx,1,0,1,050.0
shaw,1,2,0,100.0
communications,1,1,0,100.0
death,0,1,0,100.0
ships,0,0,1,000.0
four,0,1,1,050.0
vessels,0,0,1,000.0
tops,0,0,1,000.0
gainey,0,1,1,050.0
mckenna,0,1,1,050.0
egleston,0,1,1,050.0
capitala,0,0,1,000.0
finance,0,0,1,000.0
cpta,0,0,1,000.0
steel,0,2,1,66.66666666666667
price,0,1,0,100.0
carbon,0,1,0,100.0
products,0,2,2,050.0
pioe,0,1,0,100.0
skyline,0,0,3,000.0
streamway,0,0,1,000.0
aipt,0,0,3,000.0
transformation,1,1,0,100.0
2021,0,2,1,66.66666666666667
ekso,0,2,4,33.333333333333336
bionics,0,1,2,33.333333333333336
resolute,0,1,0,100.0
goldman,0,1,0,100.0
sachs,0,1,0,100.0
robert,0,0,1,000.0
perez,0,0,1,000.0
costco,0,0,1,000.0
wholesale,0,0,1,000.0
cost,0,1,1,050.0
santa,0,0,1,000.0
gold,1,3,4,050.0
begin,0,0,1,000.0
matter,0,0,1,000.0
weeks,0,0,1,000.0
mines,0,0,2,000.0
significant,0,0,2,000.0
grade,1,2,5,037.5
tailings,0,0,1,000.0
acquisitions,0,0,2,000.0
make,0,0,1,000.0
announcements,0,0,1,000.0
sfeg,0,0,1,000.0
updates,0,3,4,42.857142857142854
franklin,0,2,1,66.66666666666667
electric,0,1,0,100.0
groundwater,0,1,0,100.0
fele,0,1,0,100.0
tender,1,0,1,050.0
lendingclub,1,1,1,66.66666666666667
vasco,0,0,1,000.0
ospn,0,0,1,000.0
analysis,2,3,4,55.55555555555556
positioning,1,0,1,050.0
benefit,1,0,1,050.0
vitamin,1,0,0,100.0
shoppe,1,0,0,100.0
below,1,0,0,100.0
entegris,1,0,0,100.0
arcbest,1,0,0,100.0
investment,1,5,3,66.66666666666667
strayer,1,0,0,100.0
education,1,0,1,050.0
highlights,1,1,3,040.0
consolidated,1,1,5,28.571428571428573
relates,0,0,1,000.0
machine,0,0,2,000.0
restoration,0,0,1,000.0
robotics,0,0,1,000.0
chris,0,0,1,000.0
aronson,0,0,1,000.0
hair,0,0,1,000.0
surgery,0,0,1,000.0
wayne,0,0,1,000.0
deveydt,0,0,1,000.0
sgry,0,0,1,000.0
hemp,1,3,3,57.142857142857146
sessions,0,1,2,33.333333333333336
obsession,0,1,0,100.0
about,0,1,0,100.0
does,0,1,0,100.0
include,0,1,0,100.0
definitely,0,1,0,100.0
kenaf,0,1,0,100.0
pernix,0,0,1,000.0
reorganization,0,0,1,000.0
zohydro,0,0,1,000.0
beadtek,0,0,1,000.0
silenor,0,0,1,000.0
zafgen,0,1,0,100.0
outlook,1,4,1,83.33333333333333
zfgn,0,1,0,100.0
support,0,2,2,050.0
legal,0,0,3,000.0
vegas,0,1,0,100.0
tmus,0,1,0,100.0
extraction,0,0,1,000.0
shiloh,0,0,1,000.0
shlo,0,0,1,000.0
photronics,0,0,2,000.0
nippon,0,0,1,000.0
printing,0,0,1,000.0
kindred,0,0,1,000.0
interface,0,0,1,000.0
apogee,0,0,1,000.0
sonic,0,0,1,000.0
xencor,0,0,1,000.0
osur,0,1,0,100.0
controlling,0,1,0,100.0
interest,0,1,0,100.0
schoeller,0,2,0,100.0
allibert,0,1,0,100.0
shows,0,2,1,66.66666666666667
highwoods,0,1,0,100.0
hubspot,0,1,0,100.0
biglari,0,1,0,100.0
idexx,0,1,0,100.0
laboratories,0,1,0,100.0
argan,0,1,0,100.0
influences,0,2,1,66.66666666666667
renewed,1,2,1,075.0
dentsply,0,1,1,050.0
sirona,0,1,1,050.0
xray,0,1,1,050.0
esio,0,0,1,000.0
ingredion,0,0,1,000.0
prestige,0,0,1,000.0
exone,0,0,1,000.0
inseego,0,0,1,000.0
cato,0,0,1,000.0
cagr,1,3,2,66.66666666666667
augmented,0,0,1,000.0
reality,0,0,1,000.0
size,0,0,1,000.0
will,1,0,1,050.0
proof,0,1,0,100.0
mechanism,0,1,0,100.0
m281,0,1,0,100.0
fcrn,0,1,0,100.0
monoclonal,0,1,0,100.0
volunteers,0,1,0,100.0
efficacy,0,1,2,33.333333333333336
mako,0,0,1,000.0
ohrp,0,0,1,000.0
telus,0,0,2,000.0
alarmforce,0,0,2,000.0
operations,0,0,1,000.0
welcomes,0,0,1,000.0
alberta,0,0,1,000.0
saskatchewan,0,0,1,000.0
supports,0,0,1,000.0
connect,0,1,2,33.333333333333336
homes,0,0,1,000.0
gigabit,0,0,1,000.0
enabled,0,0,1,000.0
purefibre,0,0,1,000.0
optic,0,0,1,000.0
ollie,0,1,0,100.0
bargain,0,1,0,100.0
outlet,0,1,0,100.0
olli,0,1,0,100.0
colorado,0,1,0,100.0
field,0,3,0,100.0
kinaskan,0,1,0,100.0
castle,0,2,1,66.66666666666667
whey,0,1,0,100.0
protein,0,1,0,100.0
aduro,0,0,1,000.0
adro,0,0,1,000.0
axovant,0,2,1,66.66666666666667
axon,0,2,1,66.66666666666667
senator,0,0,1,000.0
minerals,0,0,1,000.0
intention,0,0,1,000.0
drill,0,0,1,000.0
patterson,0,0,1,000.0
northeast,0,0,1,000.0
uranium,0,0,1,000.0
radius,0,1,0,100.0
rdus,0,1,0,100.0
legacy,0,0,1,000.0
reserves,0,1,1,050.0
expanded,0,0,3,000.0
lien,0,0,1,000.0
increased,0,0,1,000.0
lgcy,0,0,1,000.0
odfjell,1,0,0,100.0
pleased,1,0,0,100.0
harald,1,0,0,100.0
fotland,1,0,0,100.0
operation,1,0,0,100.0
warrants,0,0,1,000.0
midwest,0,1,0,100.0
fmbi,0,1,0,100.0
epam,0,0,2,000.0
here,0,0,1,000.0
partner,0,1,4,020.0
tracking,0,0,2,000.0
xchange,0,0,1,000.0
bronstein,1,0,0,100.0
gewirtz,1,0,0,100.0
grossman,1,0,0,100.0
signet,1,0,0,100.0
jewelers,1,0,0,100.0
limited,1,2,2,060.0
smartmetric,2,0,0,100.0
appoints,1,2,0,100.0
protec,1,0,0,100.0
secure,1,1,1,66.66666666666667
card,3,0,0,100.0
distributor,1,0,0,100.0
biometric,1,0,0,100.0
security,1,3,0,100.0
smme,1,0,0,100.0
cinedigm,0,0,1,000.0
streaming,0,0,1,000.0
channels,0,0,1,000.0
vewd,0,0,1,000.0
cidm,0,0,1,000.0
broadcom,0,1,2,33.333333333333336
avgo,0,1,1,050.0
solar,0,2,1,66.66666666666667
estimated,0,1,0,100.0
range,0,1,0,100.0
slrc,0,1,0,100.0
boehringer,1,1,0,100.0
ingelheim,1,1,0,100.0
predictive,0,0,2,000.0
finalizes,0,0,2,000.0
flagshiphealth,0,0,2,000.0
pred,0,0,2,000.0
helomics,0,0,2,000.0
marc,0,0,1,000.0
malandro,0,0,1,000.0
providing,0,0,1,000.0
insights,1,2,2,060.0
guard,1,0,0,100.0
grdo,2,0,0,100.0
tellurian,0,2,0,100.0
exercise,0,2,0,100.0
allotment,0,2,0,100.0
acuity,0,2,0,100.0
amtrust,0,1,0,100.0
special,0,2,1,66.66666666666667
committee,0,3,0,100.0
proposal,0,1,0,100.0
stone,0,1,0,100.0
point,1,2,0,100.0
karfunkel,0,1,0,100.0
afsi,0,1,0,100.0
singlepoint,0,1,1,050.0
national,0,1,2,33.333333333333336
campaign,0,2,1,66.66666666666667
sharktank,0,1,1,050.0
original,0,1,1,050.0
kevin,0,1,1,050.0
harrington,0,1,1,050.0
sing,0,1,1,050.0
pultegroup,0,1,1,050.0
georgia,0,1,1,050.0
power,0,1,3,025.0
neighborhood,0,1,1,050.0
atlanta,0,1,1,050.0
yale,0,1,0,100.0
fold,0,1,0,100.0
superiority,0,1,0,100.0
academic,0,1,0,100.0
diagnostic,0,1,0,100.0
accuracy,0,1,0,100.0
prpo,0,1,0,100.0
yield10,0,2,0,100.0
bioscience,0,2,0,100.0
encouraging,0,2,0,100.0
tests,0,2,0,100.0
novel,0,3,1,075.0
yield,0,2,1,66.66666666666667
trait,0,2,0,100.0
c3003,0,2,0,100.0
camelina,0,2,0,100.0
canola,0,2,0,100.0
yten,0,2,0,100.0
issue,0,1,1,050.0
units,0,2,1,66.66666666666667
prominent,0,0,1,000.0
coverage,0,1,3,025.0
bull,0,0,1,000.0
insider,0,0,1,000.0
monster,0,1,1,050.0
beverage,0,1,1,050.0
webcast,0,2,1,66.66666666666667
details,0,1,1,050.0
mnst,0,1,1,050.0
electronics,0,1,0,100.0
hella,0,1,0,100.0
collaborate,0,1,0,100.0
nxpi,0,1,0,100.0
netgear,0,3,1,075.0
sponsorship,0,2,0,100.0
overwatch,0,2,0,100.0
league,0,2,0,100.0
seoul,0,2,0,100.0
dynasty,0,2,0,100.0
ntgr,0,2,0,100.0
heartland,0,1,1,050.0
htlf,0,1,1,050.0
retailers,0,0,1,000.0
gain,0,0,1,000.0
advantages,0,0,1,000.0
chain,0,0,1,000.0
sourcing,0,0,1,000.0
nexstim,0,2,0,100.0
enrols,0,2,0,100.0
supplementary,0,2,0,100.0
freedom,0,0,1,000.0
leaf,0,0,2,000.0
spanish,0,0,1,000.0
producer,0,0,1,000.0
driving,0,0,1,000.0
building,0,1,1,050.0
otcqb,0,0,1,000.0
frlf,0,0,2,000.0
cohesity,0,2,0,100.0
strengthening,0,2,0,100.0
leadership,0,4,1,080.0
applied,0,0,2,000.0
pomerantz,0,3,1,075.0
certain,0,3,1,075.0
officers,0,3,1,075.0
optium,0,0,1,000.0
cyber,0,0,1,000.0
developing,0,1,2,33.333333333333336
protect,0,0,1,000.0
exchanges,0,0,1,000.0
hacking,0,0,1,000.0
theft,0,0,1,000.0
ocsy,0,0,1,000.0
enservco,0,0,2,000.0
improved,0,0,2,000.0
adjusted,0,0,2,000.0
ebitda,0,0,2,000.0
ensv,0,0,2,000.0
lexington,0,1,1,050.0
activity,0,1,1,050.0
encana,0,2,0,100.0
delivers,0,2,0,100.0
finish,0,2,0,100.0
execution,0,2,0,100.0
efficiency,0,2,0,100.0
stage,0,3,0,100.0
self,0,2,0,100.0
funded,0,2,0,100.0
axsome,0,2,0,100.0
independent,0,3,1,075.0
recommends,0,2,0,100.0
continuation,0,2,0,100.0
coast,0,2,0,100.0
discontinuation,0,2,0,100.0
axsm,0,2,0,100.0
extends,0,1,1,050.0
saddle,0,1,1,050.0
south,0,1,3,025.0
trend,0,1,1,050.0
east,0,1,2,33.333333333333336
ttd059,0,1,1,050.0
infinity,0,2,0,100.0
interior,0,2,0,100.0
fluidigm,0,2,0,100.0
stemline,0,2,0,100.0
neogenomics,0,2,1,66.66666666666667
berkley,0,2,0,100.0
mack,0,2,1,66.66666666666667
cali,0,2,0,100.0
genmark,0,0,2,000.0
diagnostics,0,0,3,000.0
gnmk,0,0,2,000.0
nasal,1,1,0,100.0
abuse,1,1,0,100.0
remoxy,1,1,0,100.0
ptie,1,1,0,100.0
crew,0,1,1,050.0
correction,0,1,1,050.0
negative,0,1,1,050.0
intepirdine,0,1,1,050.0
headway,0,1,1,050.0
gait,0,1,1,050.0
balance,0,1,1,050.0
seen,0,1,1,050.0
nelotanserin,0,1,1,050.0
sprouts,0,2,0,100.0
delivery,0,2,1,66.66666666666667
instacart,0,2,0,100.0
21vianet,0,1,1,050.0
vnet,0,1,1,050.0
strikeforce,0,0,1,000.0
opening,0,0,1,000.0
blocksafe,0,0,1,000.0
sfor,0,0,1,000.0
clears,0,0,2,000.0
pluristem,0,0,2,000.0
initiate,1,0,2,33.333333333333336
critical,0,0,2,000.0
limb,0,0,2,000.0
ischemia,0,0,2,000.0
outside,0,0,2,000.0
ongoing,0,1,2,33.333333333333336
psti,0,0,2,000.0
wheeler,0,1,1,050.0
estate,0,3,2,060.0
janaf,0,1,1,050.0
shopping,0,1,1,050.0
yard,0,1,1,050.0
norfolk,0,1,1,050.0
virginia,0,1,1,050.0
whlr,0,1,1,050.0
globus,0,1,1,050.0
gmed,0,1,1,050.0
vystar,0,0,1,000.0
vyst,0,0,1,000.0
progressive,0,1,1,050.0
continues,0,0,1,000.0
break,0,0,1,000.0
records,0,0,1,000.0
rxmd,0,0,1,000.0
manitou,0,2,0,100.0
assay,0,2,0,100.0
initial,0,2,1,66.66666666666667
kenwest,0,2,0,100.0
sample,0,2,0,100.0
teladoc,0,0,4,000.0
availability,0,1,3,025.0
integrated,0,3,2,060.0
best,0,0,2,000.0
doctors,0,0,2,000.0
experience,0,1,2,33.333333333333336
tdoc,0,0,2,000.0
sammons,0,1,1,050.0
163mw,0,1,1,050.0
texas,0,1,2,33.333333333333336
wind,0,1,1,050.0
apex,0,1,1,050.0
clean,0,1,1,050.0
simply,0,0,1,000.0
good,0,0,1,000.0
foods,0,0,1,000.0
smpl,0,0,1,000.0
composites,0,1,1,050.0
oceanfirst,0,1,1,050.0
revlon,0,1,1,050.0
teletech,0,1,1,050.0
regis,0,1,1,050.0
networknewswire,0,1,1,050.0
alternatives,0,0,1,000.0
nicotine,0,0,1,000.0
productions,0,1,2,33.333333333333336
golden,0,2,2,050.0
affair,0,1,1,050.0
luxury,0,1,2,33.333333333333336
lounge,0,1,2,33.333333333333336
blue,0,1,1,050.0
honor,0,1,2,33.333333333333336
75th,0,1,1,050.0
globe,0,1,1,050.0
awards,0,1,2,33.333333333333336
clearance,0,1,0,100.0
proceed,0,1,0,100.0
ata188,0,1,0,100.0
relapsing,0,1,0,100.0
remitting,0,1,0,100.0
sclerosis,0,1,0,100.0
histogenics,1,0,1,050.0
receipt,1,0,1,050.0
japanese,1,0,1,050.0
neocart,1,0,1,050.0
hsgx,1,0,1,050.0
merit,0,1,1,050.0
hancock,0,1,1,050.0
alexandria,0,1,1,050.0
equities,0,1,1,050.0
cytosorbents,0,1,1,050.0
stepan,0,1,1,050.0
multi,1,1,3,040.0
center,0,1,2,33.333333333333336
delcath,0,1,1,050.0
published,0,1,2,33.333333333333336
journal,0,1,2,33.333333333333336
surgical,0,2,1,66.66666666666667
oncology,0,4,3,57.142857142857146
dcthd,0,1,1,050.0
hemispherx,0,2,1,66.66666666666667
found,0,1,1,050.0
ampligen,0,1,1,050.0
immuno,0,1,2,33.333333333333336
frontiers,0,1,1,050.0
summit,0,1,1,050.0
smmt,0,1,1,050.0
innovations,0,0,1,000.0
grandevo,0,0,1,000.0
bioinsecticide,0,0,1,000.0
mbii,0,0,1,000.0
reliq,0,1,0,100.0
oversubscribed,0,1,0,100.0
canaccord,0,2,0,100.0
genuity,0,2,0,100.0
gravitas,0,2,0,100.0
gaur,0,2,0,100.0
grow,1,2,0,100.0
forecast,0,2,0,100.0
2026,0,2,0,100.0
threat,0,2,0,100.0
protection,0,2,0,100.0
mortgage,1,1,0,100.0
confirmation,0,1,0,100.0
amount,0,1,0,100.0
cbmj,0,0,4,000.0
shines,0,0,2,000.0
winner,0,0,2,000.0
resulting,0,0,2,000.0
reversal,0,0,2,000.0
deemed,0,0,2,000.0
federally,0,0,2,000.0
directive,0,0,2,000.0
attorney,0,0,2,000.0
added,0,0,1,000.0
sector,1,1,1,66.66666666666667
jobs,0,0,1,000.0
according,0,0,1,000.0
regional,0,0,1,000.0
employment,0,0,1,000.0
ziopharm,0,2,0,100.0
standout,0,2,0,100.0
ziop,0,2,0,100.0
vapes,0,0,2,000.0
apache,0,1,1,050.0
tsakos,0,1,0,100.0
navigation,0,1,1,050.0
leaseback,0,1,0,100.0
suezmax,0,1,0,100.0
tankers,0,1,0,100.0
inovio,0,1,1,050.0
parker,0,1,1,050.0
institute,0,1,2,33.333333333333336
immunotherapy,0,2,2,050.0
establish,0,1,1,050.0
combinations,0,1,1,050.0
funding,0,0,1,000.0
surges,0,0,1,000.0
mercom,0,0,1,000.0
collegium,0,2,0,100.0
rights,0,1,0,100.0
commercialize,0,2,0,100.0
nucynta,0,2,0,100.0
coll,0,1,0,100.0
depomed,0,1,0,100.0
commercialization,0,2,0,100.0
depo,0,1,0,100.0
calliduscloud,0,1,0,100.0
cald,0,1,0,100.0
creates,0,1,1,050.0
munchies,0,1,1,050.0
accelerator,0,1,1,050.0
infusion,0,1,1,050.0
primoris,0,0,3,000.0
heavy,0,0,2,000.0
civil,0,0,2,000.0
valued,0,0,2,000.0
prim,0,1,2,33.333333333333336
intuitive,0,1,0,100.0
isrg,0,1,0,100.0
advantis,0,0,1,000.0
players,0,0,1,000.0
farms,0,0,1,000.0
nevada,0,0,1,000.0
advt,0,0,1,000.0
convertible,0,1,1,050.0
debenture,0,1,0,100.0
claritas,0,0,1,000.0
geoscape,0,0,1,000.0
leading,0,1,2,33.333333333333336
multicultural,0,0,1,000.0
clarmin,0,0,1,000.0
explorations,0,0,1,000.0
barings,0,0,1,000.0
short,0,0,1,000.0
duration,0,0,1,000.0
1482,0,0,1,000.0
palmiere,0,0,1,000.0
satori,0,0,1,000.0
roofing,0,1,0,100.0
savarese,0,1,0,100.0
sirc,0,1,0,100.0
develop,0,1,0,100.0
cyclacel,0,0,1,000.0
reviews,0,0,1,000.0
achievements,0,0,1,000.0
objectives,0,0,1,000.0
cycc,0,0,1,000.0
mitek,0,0,1,000.0
verify,0,0,1,000.0
improves,0,0,1,000.0
pioneer,0,0,1,000.0
nocks,0,0,1,000.0
customer,1,1,1,66.66666666666667
boarding,0,0,1,000.0
mitk,0,0,1,000.0
oncolytics,0,0,1,000.0
abstract,0,1,1,050.0
poster,0,0,1,000.0
gastrointestinal,0,0,1,000.0
cancers,0,0,1,000.0
symposium,0,0,1,000.0
sponsored,0,0,1,000.0
asco,0,0,1,000.0
relapsed,0,0,1,000.0
metastatic,0,0,1,000.0
adenocarcinoma,0,0,1,000.0
pancreas,0,0,1,000.0
cutera,0,0,1,000.0
matrix,0,0,1,000.0
materion,0,0,1,000.0
sight,0,0,1,000.0
syndax,0,0,1,000.0
genetics,0,0,1,000.0
panel,0,0,1,000.0
most,0,1,1,050.0
comprehensive,0,0,1,000.0
immune,0,0,2,000.0
profiling,0,0,1,000.0
cgix,0,0,1,000.0
midland,0,0,1,000.0
soquem,0,0,1,000.0
discover,0,0,1,000.0
syenite,0,0,1,000.0
vortex,0,0,1,000.0
zone,0,0,1,000.0
detour,0,0,1,000.0
topaz,0,0,1,000.0
meltzer,0,0,1,000.0
check,0,1,1,050.0
acorda,0,0,1,000.0
acor,0,0,1,000.0
unitedcorp,0,0,1,000.0
centers,0,0,1,000.0
dedicated,0,0,1,000.0
uama,0,0,1,000.0
ferrellgas,0,1,1,050.0
bridger,0,1,0,100.0
investments,0,1,0,100.0
edinburgh,0,1,0,100.0
genocea,0,0,1,000.0
concurrent,0,0,1,000.0
offerings,0,1,1,050.0
gnca,0,0,1,000.0
hudbay,0,1,0,100.0
bargaining,0,1,0,100.0
manitoba,0,1,0,100.0
cargurus,0,1,0,100.0
carg,0,1,0,100.0
quebec,0,1,0,100.0
rencontres,0,1,0,100.0
globalia,0,1,0,100.0
wabash,0,0,1,000.0
date,0,0,1,000.0
torchlight,0,0,1,000.0
reaches,0,0,1,000.0
vertical,0,0,1,000.0
depth,0,0,2,000.0
orogrande,0,0,1,000.0
well,0,0,1,000.0
moves,0,0,2,000.0
horizontal,0,0,1,000.0
section,1,0,1,050.0
molecular,0,0,1,000.0
black,0,0,1,000.0
knight,0,0,1,000.0
verint,0,0,1,000.0
iberiabank,0,0,1,000.0
sterling,0,0,2,000.0
construction,0,0,3,000.0
landstar,0,0,1,000.0
wednesday,0,0,1,000.0
lstr,0,0,1,000.0
workday,0,1,0,100.0
toolset,0,1,0,100.0
wday,0,1,0,100.0
skyfidelity,0,1,0,100.0
srmx,0,1,0,100.0
scholarchip,0,0,1,000.0
commits,0,0,1,000.0
privacy,0,0,2,000.0
pledge,0,0,1,000.0
xoma,0,1,0,100.0
transmontaigne,0,1,0,100.0
triumph,0,1,0,100.0
virtus,0,1,0,100.0
baltimore,0,0,2,000.0
city,0,0,1,000.0
chamber,0,0,1,000.0
integration,0,0,1,000.0
host,0,0,1,000.0
procurement,0,0,1,000.0
vendor,0,0,1,000.0
fair,0,0,1,000.0
small,0,0,1,000.0
intl,0,1,0,100.0
fcstone,0,1,0,100.0
phibro,0,1,0,100.0
animal,0,1,0,100.0
tactile,0,1,0,100.0
radisys,0,1,0,100.0
proto,0,1,0,100.0
labs,0,1,0,100.0
weingarten,0,1,0,100.0
tractor,0,1,0,100.0
tsco,0,1,0,100.0
task,0,1,0,100.0
modernize,0,1,0,100.0
cyberspace,0,1,0,100.0
defense,0,1,0,100.0
ideal,0,0,2,000.0
kilowatt,0,0,1,000.0
stabiliti,0,0,1,000.0
ipwr,0,0,1,000.0
semtech,0,0,1,000.0
ground,0,0,1,000.0
breaking,0,0,1,000.0
features,0,0,1,000.0
blueriver,0,0,1,000.0
smtc,0,0,1,000.0
diabetic,1,0,0,100.0
retinopathy,1,0,0,100.0
2024,1,0,0,100.0
incorporated,0,1,0,100.0
ultraviolet,0,1,0,100.0
fluorescence,0,1,0,100.0
biomedical,1,1,1,66.66666666666667
iivi,0,1,0,100.0
accellion,0,1,0,100.0
sensitive,0,1,0,100.0
content,0,1,1,050.0
creating,0,1,0,100.0
space,0,1,0,100.0
mcig,0,2,0,100.0
obitx,0,1,0,100.0
website,0,1,0,100.0
linn,0,1,0,100.0
lngg,0,1,0,100.0
leukemia,0,1,0,100.0
experts,0,1,0,100.0
join,0,1,0,100.0
moleculin,0,1,0,100.0
vaccines,0,0,1,000.0
1901,0,0,1,000.0
vbiv,0,0,1,000.0
surge,0,0,1,000.0
build,0,0,1,000.0
surg,0,0,1,000.0
blind,0,0,1,000.0
presents,0,0,1,000.0
dining,0,0,1,000.0
dark,0,0,1,000.0
gala,0,0,1,000.0
unprecedented,1,0,0,100.0
medicaid,1,0,0,100.0
convene,1,0,0,100.0
disparate,1,0,0,100.0
stakeholders,1,0,0,100.0
biggest,1,0,0,100.0
challenges,1,0,0,100.0
amex,1,0,0,100.0
meter,1,0,0,100.0
core,1,1,2,050.0
free,1,0,0,100.0
coarse,1,0,0,100.0
hole,1,0,0,100.0
perron,1,0,0,100.0
achronix,0,0,1,000.0
validation,0,0,1,000.0
16nm,0,0,1,000.0
finfet,0,0,1,000.0
speedcore,0,0,1,000.0
efpga,0,0,1,000.0
completed,0,0,1,000.0
world,0,0,2,000.0
floating,0,0,1,000.0
storage,0,0,1,000.0
regasification,0,0,1,000.0
barge,0,0,1,000.0
premier,1,0,1,050.0
listeners,0,0,1,000.0
accomplishments,0,0,1,000.0
sketches,0,0,1,000.0
outline,0,0,1,000.0
penetration,0,0,1,000.0
biei,1,0,1,050.0
wpcs,0,0,2,000.0
adjournment,0,0,1,000.0
stockholders,0,0,1,000.0
maxlinear,0,0,1,000.0
mbfi,1,0,0,100.0
entertainment,1,1,3,040.0
large,0,0,2,000.0
osisko,0,1,1,050.0
lynx,0,2,2,050.0
stanley,0,0,1,000.0
furniture,0,0,1,000.0
loss,0,0,1,000.0
amendment,0,0,1,000.0
sell,0,0,1,000.0
substantially,0,0,1,000.0
stly,0,0,1,000.0
obalon,0,0,1,000.0
obln,0,0,1,000.0
urges,0,1,0,100.0
explore,0,1,0,100.0
opportunities,0,1,0,100.0
crypto,0,1,1,050.0
triloma,0,2,0,100.0
funds,0,2,0,100.0
invest,0,2,0,100.0
compression,0,2,0,100.0
daniel,0,0,1,000.0
lawless,0,0,1,000.0
energous,0,1,1,050.0
regulatory,0,0,2,000.0
affairs,0,0,1,000.0
approvals,0,0,1,000.0
forward,1,0,1,050.0
deployment,0,0,1,000.0
wattup,0,0,1,000.0
nexoptic,0,0,1,000.0
engineering,0,1,1,050.0
telephoto,0,0,1,000.0
lens,0,0,1,000.0
parts,0,0,1,000.0
keyw,0,2,2,050.0
noble,0,1,1,050.0
fourteenth,0,1,1,050.0
windstream,0,0,1,000.0
grows,0,0,1,000.0
delivering,0,0,1,000.0
terabyte,0,0,1,000.0
transport,0,0,2,000.0
columbus,0,0,1,000.0
ohio,0,0,1,000.0
28th,0,1,0,100.0
ktwo,0,1,0,100.0
oregon,0,1,1,050.0
growing,0,1,1,050.0
ngmc,0,1,1,050.0
thirds,1,0,0,100.0
employers,1,1,0,100.0
expect,1,0,0,100.0
fertility,1,1,0,100.0
benefits,1,0,0,100.0
2019,1,0,1,050.0
wltw,1,1,0,100.0
amarantus,1,0,1,050.0
cutanogen,1,0,1,050.0
pigmented,1,0,1,050.0
modified,1,0,1,050.0
ambs,1,0,1,050.0
jack,1,0,1,050.0
interblock,1,0,1,050.0
announcement,0,1,1,050.0
majority,0,1,1,050.0
shareholding,0,1,1,050.0
john,0,1,1,050.0
ross,0,1,1,050.0
aberdeen,0,1,1,050.0
coln,0,1,1,050.0
valley,0,1,1,050.0
smokery,0,1,1,050.0
tallinn,0,1,1,050.0
prf1t,0,1,1,050.0
topical,1,0,0,100.0
relief,1,0,0,100.0
ointment,1,0,0,100.0
neil,0,1,0,100.0
thomas,0,1,0,100.0
trojan,0,1,0,100.0
battery,0,1,0,100.0
succeeding,0,1,0,100.0
retiring,0,1,0,100.0
jeff,0,1,0,100.0
elder,0,1,0,100.0
madison,0,0,2,000.0
square,0,0,2,000.0
garden,0,0,2,000.0
parkwhiz,0,0,2,000.0
sidetrade,0,0,2,000.0
aimie,0,0,1,000.0
nohla,1,0,0,100.0
granted,1,0,0,100.0
orphan,1,0,0,100.0
nla101,1,0,0,100.0
hematopoietic,1,0,0,100.0
stem,1,0,0,100.0
cell,1,0,0,100.0
transplantation,1,0,0,100.0
transocean,0,0,1,000.0
successful,0,0,1,000.0
propelled,0,0,1,000.0
wholly,0,0,1,000.0
owned,0,0,1,000.0
subsidiaries,0,0,1,000.0
uahc,0,0,1,000.0
chapman,0,1,0,100.0
evaluated,0,1,0,100.0
barrels,0,1,0,100.0
stamper,0,1,0,100.0
sudan,0,1,0,100.0
stmp,0,1,0,100.0
wuhan,1,0,0,100.0
wuhn,2,0,0,100.0
press,1,0,0,100.0
willis,0,1,0,100.0
towers,0,1,0,100.0
watson,0,1,0,100.0
help,0,1,0,100.0
every,0,1,0,100.0
planning,0,1,0,100.0
philippe,0,0,2,000.0
chow,0,0,1,000.0
60th,0,0,1,000.0
grammy,0,0,1,000.0
corbus,0,0,1,000.0
cystic,0,0,1,000.0
fibrosis,0,0,1,000.0
foundation,0,0,1,000.0
lenabasum,0,0,1,000.0
summary,0,0,1,000.0
scotts,0,0,1,000.0
miracle,0,0,1,000.0
heska,0,0,1,000.0
calyxt,0,0,1,000.0
urstadt,0,0,1,000.0
biddle,0,0,1,000.0
fundamental,1,0,1,050.0
indications,0,0,1,000.0
expiration,0,0,1,000.0
madrigal,0,1,0,100.0
3196,0,1,0,100.0
plenary,0,1,0,100.0
liver,0,1,0,100.0
congress,0,1,0,100.0
mdgl,0,1,0,100.0
plastic,0,0,1,000.0
caps,0,0,1,000.0
closures,0,0,1,000.0
process,0,0,1,000.0
exhibit,0,0,1,000.0
assessment,0,0,1,000.0
2027,0,0,1,000.0
shire,0,1,0,100.0
standard,0,0,1,000.0
clayton,0,0,1,000.0
ultra,0,0,1,000.0
retirement,0,0,1,000.0
chairman,0,0,1,000.0
michael,0,0,1,000.0
watford,0,0,1,000.0
brad,0,0,1,000.0
johnson,0,0,1,000.0
named,0,0,1,000.0
successfully,0,1,0,100.0
missions,0,1,0,100.0
midstream,0,1,2,33.333333333333336
cnxm,0,0,1,000.0
vitalhub,0,0,1,000.0
hyperledger,0,0,1,000.0
marten,0,0,1,000.0
coresite,0,0,1,000.0
commvault,0,0,1,000.0
federal,0,0,1,000.0
aerojet,0,0,1,000.0
rocketdyne,0,0,1,000.0
hess,0,0,1,000.0
kirby,0,0,1,000.0
direct,0,0,1,000.0
info,0,0,1,000.0
webinar,0,0,1,000.0
focused,0,0,3,000.0
super,0,0,1,000.0
inmar,0,0,1,000.0
bias,0,0,1,000.0
suite,0,0,1,000.0
analytic,0,0,1,000.0
utilizing,0,0,1,000.0
party,0,0,1,000.0
shopper,0,0,1,000.0
topline,0,1,0,100.0
sequestox,0,1,0,100.0
infrared,0,0,1,000.0
resolving,0,0,1,000.0
detecting,0,0,1,000.0
scanning,0,0,1,000.0
issues,0,0,1,000.0
various,0,0,1,000.0
sectors,0,0,1,000.0
reach,0,0,1,000.0
2023,0,0,1,000.0
credo,0,0,1,000.0
112g,0,0,1,000.0
pam4,0,0,1,000.0
electrical,0,0,1,000.0
serdes,0,0,1,000.0
techology,0,0,1,000.0
designcon,0,0,1,000.0
jennifer,0,1,0,100.0
zucker,0,1,0,100.0
srci,0,1,0,100.0
budget,0,0,1,000.0
nfusz,0,1,0,100.0
notificrm,0,1,0,100.0
entourage,0,1,0,100.0
package,0,2,0,100.0
designed,0,1,0,100.0
marketers,0,1,0,100.0
fusz,0,1,0,100.0
horizon,0,1,0,100.0
cystinosis,0,2,0,100.0
educate,0,1,0,100.0
inspire,0,1,0,100.0
community,0,1,0,100.0
hznp,0,1,0,100.0
toward,0,0,1,000.0
normal,0,0,1,000.0
wabco,0,0,1,000.0
movado,0,0,1,000.0
century,0,0,1,000.0
casinos,0,0,1,000.0
redwood,0,0,1,000.0
analyst,0,0,1,000.0
ratings,0,0,1,000.0
xpresspa,0,0,1,000.0
wellness,0,0,1,000.0
hotel,0,0,1,000.0
xspa,0,0,1,000.0
scottsmiracle,0,0,1,000.0
wide,0,0,1,000.0
hawthorne,0,0,1,000.0
petmed,0,0,1,000.0
express,0,0,1,000.0
omnicell,0,0,1,000.0
sito,0,0,1,000.0
india,0,0,1,000.0
forum,0,0,1,000.0
kirkland,0,0,1,000.0
fidus,0,0,1,000.0
fdus,0,0,1,000.0
impact,0,0,1,000.0
huntington,0,0,1,000.0
ingalls,0,0,1,000.0
boise,0,0,1,000.0
cascade,0,0,1,000.0
fonar,0,0,1,000.0
curtiss,0,0,1,000.0
wright,0,0,1,000.0
lions,0,0,1,000.0
gate,0,0,1,000.0
bankshares,0,0,1,000.0
tyme,0,0,2,000.0
prostate,0,0,1,000.0
roach,0,0,1,000.0
ucsf,0,0,1,000.0
biodelivery,0,1,0,100.0
belbuca,0,1,0,100.0
bdsi,0,1,0,100.0
identifies,1,0,0,100.0
casella,1,0,0,100.0
waste,1,0,0,100.0
savara,1,0,0,100.0
maximus,1,0,0,100.0
faro,1,0,0,100.0
granite,1,0,0,100.0
calculating,1,0,0,100.0
movement,1,0,0,100.0
varex,0,1,0,100.0
werner,0,1,0,100.0
pharmctl,0,1,0,100.0
tocagen,0,1,0,100.0
payout,1,0,0,100.0
securcapital,1,0,0,100.0
alpha,0,1,0,100.0
omega,0,1,0,100.0
semiconductor,0,1,0,100.0
newest,0,1,0,100.0
xspairfet,0,1,0,100.0
aosl,0,1,0,100.0
sheryl,0,1,0,100.0
wilkerson,0,1,0,100.0
avaya,0,1,1,050.0
everywhere,0,1,0,100.0
desktop,0,2,0,100.0
cloud,0,1,0,100.0
enhancements,0,1,0,100.0
modernization,0,1,0,100.0
consistent,0,1,0,100.0
experiences,0,1,0,100.0
users,0,1,0,100.0
silverline,0,0,1,000.0
ellie,0,0,1,000.0
trupanion,0,0,1,000.0
trup,0,0,1,000.0
initiative,1,0,1,050.0
evolves,0,0,1,000.0
shocard,0,0,1,000.0
jobeum,0,0,1,000.0
enhance,0,0,1,000.0
reputation,0,0,1,000.0
laureate,0,0,1,000.0
curriculum,0,0,1,000.0
laur,0,0,1,000.0
fexapotide,0,0,1,000.0
urology,0,0,1,000.0
nymx,0,0,1,000.0
refresco,1,0,0,100.0
cott,1,0,0,100.0
bottling,1,0,0,100.0
activities,1,0,0,100.0
amsterdam,1,0,0,100.0
rfrg,1,0,0,100.0
accommodate,0,0,1,000.0
rapid,0,0,1,000.0
swift,0,0,1,000.0
headquarters,0,0,1,000.0
francisco,0,0,1,000.0
finisar,0,0,1,000.0
vcsel,0,0,1,000.0
photonics,0,0,1,000.0
fnsr,0,0,1,000.0
reinvent,1,0,0,100.0
model,1,0,0,100.0
fy2018,0,1,0,100.0
